id	level	status	package	category	source	issue_file	title
OCM-006	info	needs-triage	jwt	api	packages/jwt/src/Jwt.ts:127	.issues/info/OCM-006-oauth2-client-credentials-m2m-specialist.md	JWT mint is exclusively session-bound — no path issues a token to a machine credential
TIR-007	medium	needs-triage	jwt	security	packages/jwt/src/Jwt.ts:160	.issues/medium/TIR-007-token-introspection-revocation-specialist.md	Every authenticated response mints a JWT that survives session revocation
MAPS-005	medium	needs-triage	jwt	security	packages/jwt/src/Jwt.ts:162	.issues/medium/MAPS-005-microservices-auth-propagation-specialist.md	x-jwt-token mirrored onto every authenticated response hands out a portable credential silently
PDR-003	medium	needs-triage	jwt	security	packages/jwt/src/Jwt.ts:162	.issues/medium/PDR-003-philippe-de-ryck.md	JWT plugin mirrors a bearer token onto every authenticated response via x-jwt-token with no opt-out
VB-009	low	needs-triage	jwt	security	packages/jwt/src/Jwt.ts:162	.issues/low/VB-009-vittorio-bertocci.md	A fresh bearer JWT is mirrored onto every authenticated response
JH-008	low	needs-triage	jwt	architecture	packages/jwt/src/Jwt.ts:174	.issues/low/JH-008-jared-hanson.md	Ports-never-provided sandboxing rule is convention, not an enforced boundary
TRBS-002	medium	needs-triage	jwt	security	packages/jwt/src/Jwt.ts:232	.issues/medium/TRBS-002-token-revocation-blacklist-specialist.md	No jti is ever minted, so a per-token denylist is not even expressible today
TRBS-004	medium	needs-triage	jwt	correctness	packages/jwt/src/Jwt.ts:286	.issues/medium/TRBS-004-token-revocation-blacklist-specialist.md	verifyLive liveness check scans a 200-row oldest-first page and can reject live tokens
VB-002	medium	needs-triage	jwt	correctness	packages/jwt/src/Jwt.ts:286	.issues/medium/VB-002-vittorio-bertocci.md	verifyLive scans only the first page of sessions (200 rows)
TRBS-007	medium	needs-triage	jwt	security	packages/jwt/src/Jwt.ts:288	.issues/medium/TRBS-007-token-revocation-blacklist-specialist.md	verifyLive checks absolute expiry only and accepts idle-expired sessions
NAM-001	high	ready-for-agent	jwt	architecture	packages/jwt/src/Jwt.ts:68	.issues/high/NAM-001-nextauth-authjs-migration-specialist.md	No stateless JWT session strategy: Jwt plugin still requires the live Sessions store
SCP-007	medium	needs-triage	jwt	security	packages/jwt/src/Jwt.ts:68	.issues/medium/SCP-007-scim-provisioning-specialist.md	Deprovisioning propagation depends on opt-in verifyLive: plain verify keeps accepting revoked-session JWTs until exp
OCM-007	low	needs-triage	jwt	security	packages/jwt/src/Jwt.ts:69	.issues/low/OCM-007-oauth2-client-credentials-m2m-specialist.md	No immediate revocation story exists for machine credentials; the only revocation-aware verify is session-scoped
AOMS-012	low	needs-triage	jwt	api	packages/jwt/src/Jwt.ts:96	.issues/low/AOMS-012-auth0-okta-migration-specialist.md	Sessions and JWTs carry no authentication-method record (no amr/acr equivalent)
AVS-005	medium	needs-triage	jwt	api	packages/jwt/src/JwtApi.ts:16	.issues/medium/AVS-005-api-design-versioning-specialist.md	jwt package states a middleware convention that password's own contract violates
AVS-007	low	needs-triage	jwt	api	packages/jwt/src/JwtApi.ts:45	.issues/low/AVS-007-api-design-versioning-specialist.md	Token minting declared as GET with an action-verb id, breaking the POST-for-actions convention
GC-002	medium	needs-triage	jwt	architecture	packages/jwt/src/JwtCodec.ts:133	.issues/medium/GC-002-giulio-canti.md	JWT claims have no schema on either side of the codec
JJS-008	low	needs-triage	jwt	security	packages/jwt/src/JwtCodec.ts:136	.issues/low/JJS-008-jwt-jwk-specialist.md	typ header minted but never validated; spec's RFC 8725 strict alg/typ/iss/aud posture only partially implemented
JJS-003	medium	needs-triage	jwt	correctness	packages/jwt/src/JwtCodec.ts:225	.issues/medium/JJS-003-jwt-jwk-specialist.md	Changing JwtConfig.algorithm desynchronizes sign and verify until the next time-based rotation
JJS-009	low	needs-triage	jwt	testing	packages/jwt/src/JwtCodec.ts:229	.issues/low/JJS-009-jwt-jwk-specialist.md	No negative tests for algorithm confusion or core unknown-kid fail-closed
JJS-007	low	needs-triage	jwt	api	packages/jwt/src/JwtCodec.ts:253	.issues/low/JJS-007-jwt-jwk-specialist.md	signJWT/verifyJWT asymmetry: the general-purpose verifier mandates sub, rejecting tokens signJWT can mint
BAM-010	low	needs-triage	jwt	api	packages/jwt/src/JwtCodec.ts:36	.issues/low/BAM-010-better-auth-migration-specialist.md	JWT algorithm vocabulary is EdDSA/ES256 only
FAMS-005	medium	needs-triage	jwt	api	packages/jwt/src/JwtConfig.ts:23	.issues/medium/FAMS-005-firebase-auth-migration-specialist.md	JWT plugin cannot interop with Firebase tokens in either direction
VB-005	medium	needs-triage	jwt	architecture	packages/jwt/src/JwtConfig.ts:44	.issues/medium/VB-005-vittorio-bertocci.md	Single shared audience and no token-type separation across all minted JWTs
KRS-006	medium	needs-triage	jwt	architecture	packages/jwt/src/KeyRing.ts:192	.issues/medium/KRS-006-key-rotation-specialist.md	KeyRing only notices rotations visible to its own process; external rotateNow is invisible to busy servers
KRS-009	low	needs-triage	jwt	correctness	packages/jwt/src/KeyRing.ts:229	.issues/low/KRS-009-key-rotation-specialist.md	Rotation mutation (markRotated + mint) is not atomic and has no single-current-key guard
JJS-004	medium	needs-triage	jwt	correctness	packages/jwt/src/SigningKeyRecords.ts:210	.issues/medium/JJS-004-jwt-jwk-specialist.md	Key rotation has no concurrency guard: multi-instance rotation mints duplicate current keys and re-extends grace periods
KRS-001	high	ready-for-agent	jwt	security	packages/jwt/src/SigningKeyRecords.ts:224	.issues/high/KRS-001-key-rotation-specialist.md	JWT private signing keys stored as plaintext JSON in the database
SMS-001	high	ready-for-agent	jwt	security	packages/jwt/src/SigningKeyRecords.ts:224	.issues/high/SMS-001-secrets-management-specialist.md	JWT private signing keys persisted as plaintext JWK JSON in the database
IC-008	info	needs-triage	jwt	architecture	packages/jwt/src/index.ts:3	.issues/info/IC-008-iain-collins.md	Single session strategy: no JWT-session option for edge/serverless render paths
ECF-002	high	ready-for-agent	jwt	security	packages/jwt/src/verify.ts:109	.issues/high/ECF-002-effect-concurrency-fiber-specialist.md	Unknown-kid JWKS refetch runs once per request with no single-flight, TTL, or negative caching
JJS-002	medium	needs-triage	jwt	security	packages/jwt/src/verify.ts:92	.issues/medium/JJS-002-jwt-jwk-specialist.md	Lite-verifier JWKS cache never expires: keys removed from the JWKS stay trusted indefinitely
KRS-010	low	needs-triage	jwt	security	packages/jwt/src/verify.ts:93	.issues/low/KRS-010-key-rotation-specialist.md	Lite verifier's JWKS cache never expires keys and the served JWKS sets no caching guidance
KRS-007	medium	needs-triage	jwt	correctness	packages/jwt/test/KeyRing.test.ts:27	.issues/medium/KRS-007-key-rotation-specialist.md	No production migration creates jwt_signing_key
AP-002	medium	needs-triage	oauth	correctness	packages/oauth/src/Jwt.ts:101	.issues/medium/AP-002-aaron-parecki.md	Jwt.findKey falls back to the first RSA key on kid mismatch, making the rotation refetch unreachable
VB-003	medium	needs-triage	oauth	security	packages/oauth/src/Jwt.ts:101	.issues/medium/VB-003-vittorio-bertocci.md	OAuth id_token key selection falls back to the first JWKS key on kid mismatch
ESS-007	low	needs-triage	oauth	correctness	packages/oauth/src/Jwt.ts:101	.issues/low/ESS-007-effect-schema-specialist.md	kid-mismatch falls back to first JWKS key, contradicting the repo's own key-selection rule
ERAS-007	info	needs-triage	oauth	api	packages/oauth/src/Jwt.ts:16	.issues/info/ERAS-007-edge-runtime-auth-specialist.md	The single node: reference in shipped src is a type-only import (edge-safe, but worth pinning)
AOMS-005	medium	needs-triage	oauth	api	packages/oauth/src/Jwt.ts:242	.issues/medium/AOMS-005-auth0-okta-migration-specialist.md	Upstream id_token verification is RS256-only
TTE-002	medium	needs-triage	oauth	correctness	packages/oauth/src/Jwt.ts:63	.issues/medium/TTE-002-typescript-type-level-engineer.md	Decoded JWT header/payload claimed by assertion after JSON.parse
ACS-003	low	needs-triage	oauth	security	packages/oauth/src/Jwt.ts:99	.issues/low/ACS-003-applied-cryptography-specialist.md	OIDC key selection falls back to the first RSA key on kid mismatch
ESS-002	high	ready-for-agent	oauth	correctness	packages/oauth/src/OAuthProvider.ts:142	.issues/high/ESS-002-effect-schema-specialist.md	OIDC discovery document cast, not decoded, at plugin boot
TTE-003	medium	needs-triage	oauth	correctness	packages/oauth/src/OAuthProvider.ts:142	.issues/medium/TTE-003-typescript-type-level-engineer.md	OIDC discovery document asserted to DiscoveryDocument, only issuer checked
AH-003	low	needs-triage	oauth	correctness	packages/oauth/src/OAuthProvider.ts:142	.issues/low/AH-003-anders-hejlsberg.md	Discovery document asserted without validation at provider boot
JR-009	low	needs-triage	oauth	dx	packages/oauth/src/OAuthProvider.ts:179	.issues/low/JR-009-justin-richer.md	oidc() factory does not require the openid scope; a mis-scoped provider surfaces only as an undifferentiated runtime 400
OAP-005	medium	needs-triage	oauth	security	packages/oauth/src/OAuthProvider.ts:180	.issues/medium/OAP-005-oauth2-authorization-code-pkce-specialist.md	No boot-time guard against quirks.skipPkce on a public client (no clientSecret): bare authorization code exchange
AP-007	medium	needs-triage	oauth	security	packages/oauth/src/OAuthProvider.ts:30	.issues/medium/AP-007-aaron-parecki.md	quirks.skipPkce is not gated to confidential clients, so a public client can run code flow without PKCE
NAM-009	low	needs-triage	oauth	dx	packages/oauth/src/OAuthProvider.ts:33	.issues/low/NAM-009-nextauth-authjs-migration-specialist.md	User.image / OAuth picture dropped: avatar data has no destination
IC-003	medium	needs-triage	oauth	dx	packages/oauth/src/OAuthProvider.ts:5	.issues/medium/IC-003-iain-collins.md	Zero OAuth provider presets — every app hand-assembles issuer/endpoints/mapProfile
NAM-003	medium	needs-triage	oauth	dx	packages/oauth/src/OAuthProvider.ts:5	.issues/medium/NAM-003-nextauth-authjs-migration-specialist.md	Zero vendor provider presets — every Auth.js provider must be hand-translated
MW-010	info	needs-triage	oauth	dx	packages/oauth/src/OAuthProvider.ts:5	.issues/info/MW-010-matias-woloski.md	OAuth providers are mechanism-only: no shipped preset catalog raises per-customer integration cost
BO-009	low	needs-triage	oauth	dx	packages/oauth/src/OAuthProvider.ts:60	.issues/low/BO-009-balazs-orban.md	OAuth provider config: no vendor presets and Effect Config descriptions leak into user-facing typing
